dataset,norm,metric,n_perts,global_frac,full,global,random,random_unmatched,meanfield,shuffled,full_excl,global_excl,random_excl,full_cos,global_cos,random_cos,full_excl_cos,global_excl_cos,random_excl_cos,full_sd,global_sd,random_sd
DatlingerBock2017,raw,cipher_uncentered_r2_and_cosine_holdout0.5_10splits,1,0.6227,0.2862,0.2580,0.1605,0.4432,-0.0018,-0.0090,0.2861,0.2580,0.1605,0.6593,0.6588,0.6198,0.6593,0.6588,0.6198,0.2748,0.2834,0.3401
DatlingerBock2017,pflog,cipher_uncentered_r2_and_cosine_holdout0.5_10splits,1,0.0342,0.0026,-0.0015,0.0045,0.0097,-0.0040,-0.0038,0.0038,-0.0014,0.0045,0.0799,-0.0080,0.0595,0.0861,-0.0077,0.0599,0.0044,0.0020,0.0020
DatlingerBock2021,raw,cipher_uncentered_r2_and_cosine_holdout0.5_10splits,40,0.7687,nan,nan,nan,nan,nan,nan,nan,nan,nan,nan,nan,nan,nan,nan,nan,nan,nan,nan
DatlingerBock2021,pflog,cipher_uncentered_r2_and_cosine_holdout0.5_10splits,40,0.0921,nan,nan,nan,nan,nan,nan,nan,nan,nan,nan,nan,nan,nan,nan,nan,nan,nan,nan
FrangiehIzar2021_RNA,raw,cipher_uncentered_r2_and_cosine_holdout0.5_10splits,222,0.5986,0.3431,0.3841,0.3419,0.3796,-0.6579,-0.0113,0.3491,0.3867,0.3448,0.5723,0.6034,0.5701,0.5741,0.6039,0.5709,0.0145,0.0150,0.0114
FrangiehIzar2021_RNA,pflog,cipher_uncentered_r2_and_cosine_holdout0.5_10splits,222,0.0404,0.1253,0.1772,0.1189,0.0690,-0.0092,-0.0081,0.1347,0.1828,0.1213,0.2914,0.3809,0.2920,0.3077,0.3874,0.2959,0.0030,0.0018,0.0017
NadigOConner2024_hepg2,raw,cipher_uncentered_r2_and_cosine_holdout0.5_10splits,230,0.7753,0.2959,0.2910,0.2909,0.2917,-0.1661,-0.0026,0.2961,0.2914,0.2912,0.5155,0.5171,0.5141,0.5161,0.5177,0.5147,0.0110,0.0115,0.0114
NadigOConner2024_hepg2,pflog,cipher_uncentered_r2_and_cosine_holdout0.5_10splits,230,0.0337,0.0431,0.1754,0.0439,0.0494,-0.0061,-0.0064,0.0577,0.1770,0.0445,0.1623,0.3560,0.1763,0.1898,0.3579,0.1782,0.0021,0.0009,0.0011
NadigOConner2024_jurkat,raw,cipher_uncentered_r2_and_cosine_holdout0.5_10splits,797,0.7087,0.3983,0.3982,0.3957,0.3968,-0.1553,-0.0048,0.3997,0.3996,0.3971,0.5948,0.5932,0.5922,0.5960,0.5945,0.5934,0.0051,0.0051,0.0050
NadigOConner2024_jurkat,pflog,cipher_uncentered_r2_and_cosine_holdout0.5_10splits,797,0.0341,0.0738,0.1445,0.0744,0.0507,-0.0069,-0.0080,0.1005,0.1473,0.0758,0.2263,0.3162,0.2343,0.2560,0.3203,0.2372,0.0014,0.0005,0.0007
NormanWeissman2019_filtered,raw,cipher_uncentered_r2_and_cosine_holdout0.5_10splits,103,0.6392,0.2356,0.4730,0.2843,0.4768,-0.1234,-0.0319,0.2436,0.4775,0.2888,0.5217,0.6392,0.5519,0.5314,0.6432,0.5560,0.0973,0.0175,0.0201
NormanWeissman2019_filtered,pflog,cipher_uncentered_r2_and_cosine_holdout0.5_10splits,103,0.0474,0.2809,0.3055,0.2640,0.1086,-0.0123,-0.0060,0.2936,0.3109,0.2673,0.4946,0.5268,0.4865,0.5107,0.5318,0.4901,0.0049,0.0037,0.0036
PapalexiSatija2021_eccite_arrayed_RNA,raw,cipher_uncentered_r2_and_cosine_holdout0.5_10splits,8,0.4172,0.1934,0.4705,0.3840,0.3873,-0.1368,-0.0055,0.1934,0.4705,0.3840,0.3961,0.6468,0.5748,0.3961,0.6468,0.5748,0.1034,0.0928,0.0734
PapalexiSatija2021_eccite_arrayed_RNA,pflog,cipher_uncentered_r2_and_cosine_holdout0.5_10splits,8,0.0545,0.0305,0.0441,0.0131,0.0310,-0.0062,-0.0068,0.0330,0.0442,0.0131,0.1482,0.1828,0.1400,0.1496,0.1833,0.1400,0.0052,0.0109,0.0027
ReplogleWeissman2022_K562_essential,raw,cipher_uncentered_r2_and_cosine_holdout0.5_10splits,1164,0.6174,0.2765,0.2945,0.2769,0.2769,-0.2841,-0.0046,0.2773,0.2953,0.2777,0.5129,0.5293,0.5132,0.5139,0.5302,0.5141,0.0139,0.0129,0.0144
ReplogleWeissman2022_K562_essential,pflog,cipher_uncentered_r2_and_cosine_holdout0.5_10splits,1164,0.0479,0.0802,0.1275,0.0803,0.0596,-0.0075,-0.0077,0.1009,0.1295,0.0815,0.2304,0.2891,0.2366,0.2524,0.2919,0.2387,0.0011,0.0004,0.0004
ReplogleWeissman2022_rpe1,raw,cipher_uncentered_r2_and_cosine_holdout0.5_10splits,659,0.6939,0.2369,0.2543,0.2439,0.2461,-0.0919,-0.0065,0.2405,0.2568,0.2465,0.4400,0.4581,0.4459,0.4435,0.4609,0.4487,0.0079,0.0086,0.0080
ReplogleWeissman2022_rpe1,pflog,cipher_uncentered_r2_and_cosine_holdout0.5_10splits,659,0.0494,0.0542,0.2016,0.0512,0.0684,-0.0092,-0.0077,0.0760,0.2050,0.0528,0.1812,0.3708,0.1849,0.2098,0.3752,0.1881,0.0014,0.0005,0.0005
TianKampmann2019_day7neuron,raw,cipher_uncentered_r2_and_cosine_holdout0.5_10splits,89,0.8501,nan,nan,nan,nan,nan,nan,nan,nan,nan,nan,nan,nan,nan,nan,nan,nan,nan,nan
TianKampmann2019_day7neuron,pflog,cipher_uncentered_r2_and_cosine_holdout0.5_10splits,89,0.2718,nan,nan,nan,nan,nan,nan,nan,nan,nan,nan,nan,nan,nan,nan,nan,nan,nan,nan
TianKampmann2019_iPSC,raw,cipher_uncentered_r2_and_cosine_holdout0.5_10splits,143,0.8733,nan,nan,nan,nan,nan,nan,nan,nan,nan,nan,nan,nan,nan,nan,nan,nan,nan,nan
TianKampmann2019_iPSC,pflog,cipher_uncentered_r2_and_cosine_holdout0.5_10splits,143,0.6602,nan,nan,nan,nan,nan,nan,nan,nan,nan,nan,nan,nan,nan,nan,nan,nan,nan,nan
TianKampmann2021_CRISPRa,raw,cipher_uncentered_r2_and_cosine_holdout0.5_10splits,92,0.7448,-0.0709,-0.0645,-0.0060,0.1042,-0.2609,-0.0071,-0.0728,-0.0615,-0.0057,0.4019,0.5482,0.4664,0.4078,0.5533,0.4715,0.0751,0.0846,0.0584
TianKampmann2021_CRISPRa,pflog,cipher_uncentered_r2_and_cosine_holdout0.5_10splits,92,0.0719,0.1228,0.1294,0.1111,0.0603,-0.0038,-0.0036,0.1216,0.1293,0.1107,0.2985,0.3009,0.2830,0.2944,0.3003,0.2819,0.0011,0.0010,0.0010
TianKampmann2021_CRISPRi,raw,cipher_uncentered_r2_and_cosine_holdout0.5_10splits,174,0.6936,-0.0412,-0.0971,-0.0265,-0.0275,-0.3040,-0.0011,-0.0413,-0.0975,-0.0267,0.4663,0.4589,0.4603,0.4664,0.4591,0.4605,0.0458,0.0695,0.0528
TianKampmann2021_CRISPRi,pflog,cipher_uncentered_r2_and_cosine_holdout0.5_10splits,174,0.0739,0.0422,0.0586,0.0418,0.0282,-0.0017,-0.0019,0.0435,0.0590,0.0420,0.1614,0.1952,0.1599,0.1634,0.1958,0.1603,0.0005,0.0005,0.0005
