dataset,space,component,var_frac,enr_cellcycle,enr_hsp,enr_interferon,enr_apoptosis,enr_emt,enr_hypoxia,enr_upr,enr_myc,enr_p53,enr_translation,enr_ribo,enr_mito
ReplogleWeissman2022_K562_essential,raw,1,0.4167,0.2808,1.0433,nan,nan,nan,nan,nan,2.1122,nan,6.1218,5.1994,19.0575
ReplogleWeissman2022_K562_essential,raw,2,0.2043,0.2402,1.6570,nan,nan,nan,nan,nan,2.0827,nan,3.5815,4.1752,24.9623
ReplogleWeissman2022_K562_essential,raw,3,0.1173,0.5807,1.8292,nan,nan,nan,nan,nan,4.1446,nan,5.2283,1.8994,25.0710
ReplogleWeissman2022_K562_essential,raw,4,0.0559,0.3164,1.3071,nan,nan,nan,nan,nan,4.3924,nan,5.8683,2.1595,11.1268
ReplogleWeissman2022_K562_essential,raw,5,0.0443,0.7564,4.8036,nan,nan,nan,nan,nan,2.2055,nan,2.1722,2.8993,34.5794
ReplogleWeissman2022_K562_essential,pearson,1,0.4293,0.8303,1.5074,nan,nan,nan,nan,nan,2.0075,nan,2.7534,2.8223,2.8634
ReplogleWeissman2022_K562_essential,pearson,2,0.1367,0.8159,1.2530,nan,nan,nan,nan,nan,1.5859,nan,2.5719,2.0262,5.4841
ReplogleWeissman2022_K562_essential,pearson,3,0.0702,0.7735,1.8344,nan,nan,nan,nan,nan,2.8154,nan,1.3526,1.6915,14.2555
ReplogleWeissman2022_K562_essential,pearson,4,0.0571,3.0677,4.3662,nan,nan,nan,nan,nan,2.3382,nan,2.5129,1.8809,5.8062
ReplogleWeissman2022_K562_essential,pearson,5,0.0307,1.6535,3.6783,nan,nan,nan,nan,nan,1.2326,nan,0.8726,0.9920,14.4205
ReplogleWeissman2022_rpe1,raw,1,0.3677,1.9360,1.1395,nan,nan,11.3762,1.0356,0.5392,3.4733,1.9889,2.2149,2.4813,10.7662
ReplogleWeissman2022_rpe1,raw,2,0.2047,0.6923,0.4667,nan,nan,6.5566,0.5501,0.8631,0.7679,0.2926,6.8095,6.5028,27.1629
ReplogleWeissman2022_rpe1,raw,3,0.1176,1.9404,6.0966,nan,nan,7.5705,2.1569,0.7858,3.2686,0.8632,3.1001,3.0067,22.1429
ReplogleWeissman2022_rpe1,raw,4,0.0678,2.3858,5.8834,nan,nan,15.6780,1.9464,0.5654,4.1049,1.4811,2.6055,2.0856,24.4022
ReplogleWeissman2022_rpe1,raw,5,0.0474,0.3650,6.4891,nan,nan,17.8130,3.8822,5.7299,3.2867,1.9193,6.2986,2.5209,5.1596
ReplogleWeissman2022_rpe1,pearson,1,0.3773,1.2857,1.5572,nan,nan,1.7429,0.8303,0.3193,1.6313,1.1860,2.0051,2.3622,3.2339
ReplogleWeissman2022_rpe1,pearson,2,0.1565,0.9029,5.0500,nan,nan,3.1358,1.0447,1.8975,1.3040,5.3969,1.2897,1.8933,4.1424
ReplogleWeissman2022_rpe1,pearson,3,0.0831,1.3594,1.0311,nan,nan,5.8269,1.7937,5.0683,1.3002,1.7977,3.1804,2.5369,6.7618
ReplogleWeissman2022_rpe1,pearson,4,0.0454,2.2414,3.1209,nan,nan,6.1309,1.3301,2.8485,1.0867,7.6305,1.4863,1.5142,8.5689
ReplogleWeissman2022_rpe1,pearson,5,0.0382,1.8597,1.3199,nan,nan,3.5435,2.5224,9.3414,1.6778,1.8986,2.2023,0.9528,17.9561
NormanWeissman2019_filtered,raw,1,0.6137,0.2396,0.9795,nan,0.0605,0.0432,nan,0.1528,2.3965,0.0758,2.2882,4.0030,6.9773
NormanWeissman2019_filtered,raw,2,0.0991,0.2539,0.9409,nan,0.3288,1.0325,nan,0.1935,1.7274,0.3505,2.4219,2.8194,9.1740
NormanWeissman2019_filtered,raw,3,0.0794,0.1044,0.5554,nan,0.2126,0.4115,nan,0.2552,0.9040,0.2032,7.3564,4.1470,37.1073
NormanWeissman2019_filtered,raw,4,0.0525,0.4878,1.3266,nan,0.1970,0.5771,nan,0.0554,1.9288,0.2097,5.3031,2.9615,12.3703
NormanWeissman2019_filtered,raw,5,0.0471,0.7742,1.4636,nan,0.3024,0.4115,nan,0.2089,1.9567,0.3183,2.8035,2.1105,10.7471
NormanWeissman2019_filtered,pearson,1,0.4837,1.3128,1.0052,nan,0.2726,0.1982,nan,0.6348,0.7053,2.8785,0.6978,1.1099,2.7909
NormanWeissman2019_filtered,pearson,2,0.2765,0.8190,1.0755,nan,0.4606,0.4421,nan,1.0199,1.7019,0.3947,2.2953,2.9883,4.9273
NormanWeissman2019_filtered,pearson,3,0.1048,0.2143,0.4947,nan,0.7120,3.1318,nan,0.4457,0.4219,1.6388,1.9716,1.3327,1.5582
NormanWeissman2019_filtered,pearson,4,0.0266,1.0117,1.2929,nan,0.5509,0.2078,nan,0.1756,1.4008,0.5719,2.8582,2.5018,1.9288
NormanWeissman2019_filtered,pearson,5,0.0134,0.9084,0.9784,nan,1.2685,3.9668,nan,0.8192,1.1795,2.6541,1.9529,1.4453,6.3285
NadigOConner2024_jurkat,raw,1,0.3176,1.0337,1.4596,nan,nan,nan,nan,nan,1.0413,nan,2.6184,1.5541,25.3973
NadigOConner2024_jurkat,raw,2,0.2911,0.8566,1.1801,nan,nan,nan,nan,nan,0.8182,nan,8.3439,6.8757,27.1448
NadigOConner2024_jurkat,raw,3,0.1030,0.9889,6.4696,nan,nan,nan,nan,nan,4.6081,nan,4.0582,1.4656,10.3678
NadigOConner2024_jurkat,raw,4,0.0666,1.7597,4.4754,nan,nan,nan,nan,nan,2.6192,nan,4.1476,1.6641,23.1274
NadigOConner2024_jurkat,raw,5,0.0298,0.4287,6.8815,nan,nan,nan,nan,nan,2.5938,nan,2.2627,2.4573,16.7144
NadigOConner2024_jurkat,pearson,1,0.5510,1.9798,2.6052,nan,nan,nan,nan,nan,1.7170,nan,1.9216,1.7196,3.0927
NadigOConner2024_jurkat,pearson,2,0.0687,1.3447,1.9836,nan,nan,nan,nan,nan,1.0534,nan,0.9299,1.3199,8.9858
NadigOConner2024_jurkat,pearson,3,0.0559,2.5607,1.4800,nan,nan,nan,nan,nan,2.7205,nan,2.4771,1.6911,1.4337
NadigOConner2024_jurkat,pearson,4,0.0375,3.0027,2.6752,nan,nan,nan,nan,nan,1.3772,nan,2.0379,1.5185,14.9797
NadigOConner2024_jurkat,pearson,5,0.0200,1.4370,3.2359,nan,nan,nan,nan,nan,0.9259,nan,0.9949,1.0833,14.4572
TianKampmann2021_CRISPRi,raw,1,0.4763,nan,2.0957,nan,nan,nan,0.6714,nan,0.9152,nan,2.5007,3.2708,19.7672
TianKampmann2021_CRISPRi,raw,2,0.1516,nan,1.1623,nan,nan,nan,0.2521,nan,1.3296,nan,2.6106,2.7929,45.6255
TianKampmann2021_CRISPRi,raw,3,0.1057,nan,1.7903,nan,nan,nan,0.2194,nan,2.1955,nan,5.0361,7.1295,4.8275
TianKampmann2021_CRISPRi,raw,4,0.0627,nan,2.3003,nan,nan,nan,0.3550,nan,0.9124,nan,1.7367,2.1844,6.4629
TianKampmann2021_CRISPRi,raw,5,0.0273,nan,1.6974,nan,nan,nan,0.3662,nan,0.6457,nan,1.0849,1.1380,45.2024
TianKampmann2021_CRISPRi,pearson,1,0.3512,nan,1.8410,nan,nan,nan,0.8943,nan,1.0391,nan,1.2299,1.0851,4.1694
TianKampmann2021_CRISPRi,pearson,2,0.1594,nan,0.8966,nan,nan,nan,0.2893,nan,1.5225,nan,1.8601,3.0544,2.5450
TianKampmann2021_CRISPRi,pearson,3,0.1022,nan,0.4905,nan,nan,nan,0.4992,nan,2.1452,nan,2.0979,4.6207,3.4794
TianKampmann2021_CRISPRi,pearson,4,0.0301,nan,1.0265,nan,nan,nan,0.4544,nan,0.6251,nan,0.5172,0.8693,17.8872
TianKampmann2021_CRISPRi,pearson,5,0.0172,nan,1.5641,nan,nan,nan,0.7947,nan,0.7264,nan,1.3550,0.8816,3.1033
