a,b,n_shared
NadigOConner2024_jurkat,ReplogleWeissman2022_rpe1,1590
NadigOConner2024_jurkat,ReplogleWeissman2022_K562_essential,1559
NadigOConner2024_hepg2,NadigOConner2024_jurkat,1473
ReplogleWeissman2022_K562_essential,ReplogleWeissman2022_rpe1,1447
NadigOConner2024_hepg2,ReplogleWeissman2022_rpe1,1383
NadigOConner2024_hepg2,ReplogleWeissman2022_K562_essential,1349
XAtlas2025_HCT116_filtered,XAtlas2025_HEK293T_filtered,812
NadigOConner2024_jurkat,ReplogleWeissman2022_K562_gwps_filtered,304
ReplogleWeissman2022_K562_gwps_filtered,ReplogleWeissman2022_rpe1,301
ReplogleWeissman2022_K562_essential,ReplogleWeissman2022_K562_gwps_filtered,293
NadigOConner2024_hepg2,ReplogleWeissman2022_K562_gwps_filtered,287
ReplogleWeissman2022_K562_gwps_filtered,XAtlas2025_HEK293T_filtered,180
ReplogleWeissman2022_K562_gwps_filtered,XAtlas2025_HCT116_filtered,168
NadigOConner2024_jurkat,XAtlas2025_HCT116_filtered,140
NadigOConner2024_jurkat,XAtlas2025_HEK293T_filtered,139
ReplogleWeissman2022_rpe1,XAtlas2025_HEK293T_filtered,136
ReplogleWeissman2022_rpe1,XAtlas2025_HCT116_filtered,135
NadigOConner2024_hepg2,XAtlas2025_HEK293T_filtered,127
NadigOConner2024_hepg2,XAtlas2025_HCT116_filtered,124
ReplogleWeissman2022_K562_essential,XAtlas2025_HEK293T_filtered,118
ReplogleWeissman2022_K562_essential,XAtlas2025_HCT116_filtered,117
NormanWeissman2019_filtered,proper_filtered,82
ReplogleWeissman2022_rpe1,TianKampmann2021_CRISPRi,57
NadigOConner2024_jurkat,TianKampmann2021_CRISPRi,54
ReplogleWeissman2022_K562_essential,TianKampmann2021_CRISPRi,51
NadigOConner2024_hepg2,TianKampmann2021_CRISPRi,47
FrangiehIzar2021_RNA,NadigOConner2024_jurkat,46
FrangiehIzar2021_RNA,ReplogleWeissman2022_rpe1,45
FrangiehIzar2021_RNA,ReplogleWeissman2022_K562_essential,43
FrangiehIzar2021_RNA,NadigOConner2024_hepg2,40
TianKampmann2019_day7neuron,TianKampmann2019_iPSC,26
TianKampmann2021_CRISPRa,TianKampmann2021_CRISPRi,21
