dataset,raw_r2_full,raw_r2_global,raw_r2_shufcol,raw_r2_meandir,raw_r2_randdir,raw_r2_pc5,raw_dR2,raw_dR2_shuf,raw_cos_spec,cpm_r2_full,cpm_r2_global,cpm_r2_shufcol,cpm_r2_meandir,cpm_r2_randdir,cpm_r2_pc5,cpm_dR2,cpm_dR2_shuf,cpm_cos_spec
DatlingerBock2017,nan,nan,nan,nan,nan,nan,nan,nan,nan,nan,nan,nan,nan,nan,nan,nan,nan,nan
DatlingerBock2021,nan,nan,nan,nan,nan,nan,nan,nan,nan,nan,nan,nan,nan,nan,nan,nan,nan,nan
FrangiehIzar2021_RNA,0.4696,0.5043,0.4571,0.4937,0.0006,0.0284,0.0851,0.0755,-0.0940,0.0926,0.2289,0.0849,0.4216,0.0006,0.0086,0.0547,0.0524,-0.0791
NadigOConner2024_hepg2,0.4344,0.4377,0.4319,0.4358,0.0004,0.0430,0.0784,0.0755,-0.1644,0.1321,0.1933,0.1000,0.8208,0.0001,0.0311,0.0884,0.0691,0.0925
NadigOConner2024_jurkat,0.4025,0.4040,0.4042,0.4106,0.0002,0.0529,0.0441,0.0564,-0.0357,0.1122,0.1971,0.0977,0.3649,0.0002,0.0317,0.1055,0.0876,-0.1798
NormanWeissman2019_filtered,0.4041,0.4696,0.4190,0.4602,0.0005,0.0039,0.1156,0.1003,0.1964,0.1596,0.2560,0.1371,0.5936,0.0008,0.0112,0.0662,0.0523,0.1345
PapalexiSatija2021_eccite_RNA,nan,nan,nan,nan,nan,nan,nan,nan,nan,nan,nan,nan,nan,nan,nan,nan,nan,nan
ReplogleWeissman2022_K562_essential,0.3369,0.3504,0.3407,0.3505,0.0008,0.0402,0.1023,0.1119,-0.0920,0.1890,0.3264,0.1899,0.7250,0.0003,0.0132,0.1104,0.0985,0.2439
ReplogleWeissman2022_rpe1,0.3081,0.3480,0.3214,0.3224,0.0004,0.0581,0.0884,0.0964,-0.1488,0.1290,0.1845,0.1119,0.4108,0.0004,0.0768,0.0851,0.0920,0.0573
TianKampmann2019_day7neuron,0.7060,0.7151,0.7039,0.7138,0.0001,0.0080,0.0486,0.0713,-0.1379,0.0076,0.0313,0.0151,0.2788,0.0003,0.0289,0.0098,0.0107,-0.0536
TianKampmann2019_iPSC,0.3255,0.3534,0.3381,0.3370,0.0002,0.0032,0.1146,0.1355,-0.0416,0.0049,0.0404,0.0033,0.4046,0.0007,0.0138,0.0046,0.0029,0.0015
TianKampmann2021_CRISPRa,0.4755,0.5695,0.5153,0.5786,0.0012,0.0367,0.0889,0.0872,-0.1514,0.3679,0.6648,0.4499,0.9311,0.0001,0.0080,0.0965,0.1004,0.1363
TianKampmann2021_CRISPRi,0.3893,0.4036,0.3995,0.4009,0.0002,0.0078,0.1724,0.1741,-0.2402,0.5711,0.8630,0.5661,0.7831,0.0012,0.0156,0.0224,0.0186,-0.0596
