dataset,space,n_perts,global_frac,full_cos,shared_frac,diff_shared,diff_pred_cos,paircos_true,paircos_pred,rsa
FrangiehIzar2021_RNA,raw,114,0.5784,0.4696,0.5043,0.5211,0.4884,0.4868,0.8835,0.0062
FrangiehIzar2021_RNA,cpm,114,0.2115,0.2025,0.3643,0.1728,0.1248,0.5287,0.3542,-0.0543
FrangiehIzar2021_RNA,pearson,114,0.3053,0.0855,0.1170,0.0204,0.0492,0.3892,0.3125,-0.0994
GasperiniShendure2019_lowMOI,raw,11,0.5034,0.2471,0.2450,0.2714,0.2869,0.3073,0.9429,-0.3528
GasperiniShendure2019_lowMOI,cpm,11,0.3861,0.1154,0.2768,0.2619,0.1684,0.3193,0.5384,0.1566
GasperiniShendure2019_lowMOI,pearson,11,0.1530,0.0476,0.0911,0.0985,0.0732,0.2166,0.4755,0.0301
NadigOConner2024_hepg2,raw,112,0.7813,0.4344,0.4377,0.4141,0.4119,0.4111,0.9973,-0.0416
NadigOConner2024_hepg2,cpm,112,0.2030,0.1286,0.1820,0.1703,0.1329,0.2733,0.4145,0.0775
NadigOConner2024_hepg2,pearson,112,0.0810,0.0690,0.1011,0.0939,0.0607,0.2832,0.3238,0.0508
NadigOConner2024_jurkat,raw,109,0.7234,0.4025,0.4040,0.3949,0.3963,0.4034,0.9971,-0.0150
NadigOConner2024_jurkat,cpm,109,0.1691,0.1102,0.2309,0.2214,0.1263,0.2881,0.3366,-0.0266
NadigOConner2024_jurkat,pearson,109,0.0468,0.0304,0.0700,0.0806,0.0361,0.3451,0.1969,-0.0893
NormanWeissman2019_filtered,raw,102,0.6322,0.4041,0.4696,0.4586,0.3968,0.5778,0.8685,0.0292
NormanWeissman2019_filtered,cpm,102,0.4954,0.2535,0.5324,0.4562,0.2356,0.5539,0.3804,-0.0170
NormanWeissman2019_filtered,pearson,102,0.0587,0.1094,0.1432,0.0851,0.1301,0.4501,0.1288,0.0263
ReplogleWeissman2022_K562_essential,raw,112,0.6312,0.3369,0.3504,0.3434,0.3359,0.3566,0.9843,-0.0263
ReplogleWeissman2022_K562_essential,cpm,112,0.3071,0.1007,0.3237,0.3302,0.1368,0.3297,0.3859,0.0476
ReplogleWeissman2022_K562_essential,pearson,112,0.0328,0.0274,0.0523,0.0598,0.0339,0.2499,0.1826,-0.0560
ReplogleWeissman2022_rpe1,raw,97,0.6840,0.3081,0.3480,0.3264,0.2913,0.3464,0.9829,-0.0375
ReplogleWeissman2022_rpe1,cpm,97,0.1669,0.1642,0.2702,0.2295,0.1509,0.2953,0.4873,0.0604
ReplogleWeissman2022_rpe1,pearson,97,0.0756,0.0998,0.1986,0.1692,0.0860,0.2765,0.3713,0.0191
TianKampmann2019_day7neuron,raw,26,0.8116,0.7060,0.7151,0.6878,0.6813,0.6753,0.9917,0.2044
TianKampmann2019_day7neuron,cpm,26,0.0219,0.0154,0.0267,0.0298,0.0197,0.1432,0.1124,-0.0019
TianKampmann2019_day7neuron,pearson,26,nan,nan,nan,nan,nan,nan,nan,nan
TianKampmann2019_iPSC,raw,26,0.4926,0.3255,0.3534,0.3635,0.3678,0.3474,0.8031,-0.0695
TianKampmann2019_iPSC,cpm,26,0.0208,0.0074,0.0166,0.0179,0.0040,0.1375,0.0506,0.0579
TianKampmann2019_iPSC,pearson,26,nan,nan,nan,nan,nan,nan,nan,nan
TianKampmann2021_CRISPRa,raw,98,0.7450,0.4755,0.5695,0.5553,0.4925,0.5391,0.8122,-0.0046
TianKampmann2021_CRISPRa,cpm,98,0.5526,0.3014,0.2822,0.3323,0.3104,0.5146,0.5173,0.0504
TianKampmann2021_CRISPRa,pearson,98,0.1127,0.0162,0.0094,0.0094,0.0198,0.3203,0.1398,0.0493
TianKampmann2021_CRISPRi,raw,117,0.6966,0.3893,0.4036,0.4791,0.4802,0.4710,0.9767,0.0131
TianKampmann2021_CRISPRi,cpm,117,0.6904,0.3294,0.4507,0.4828,0.3836,0.4529,0.6021,0.0078
TianKampmann2021_CRISPRi,pearson,117,0.0871,0.0281,0.0830,0.0482,0.0214,0.2987,0.1925,-0.0146
