dataset,mean_d_full_minus_global,lo,hi,tost_p
FrangiehIzar2021_RNA,+0.0441,-0.3891,+0.8524,0.969
NadigOConner2024_hepg2,+0.0035,-0.0728,+0.0972,0.998
NadigOConner2024_jurkat,+0.0036,-0.0497,+0.0491,1
NormanWeissman2019_filtered,-0.0602,-0.4824,+0.2126,0.999
ReplogleWeissman2022_K562_essential,+0.0134,-0.1245,+0.2297,0.998
ReplogleWeissman2022_rpe1,-0.0268,-0.2260,+0.0851,1
TianKampmann2019_day7neuron,+0.1221,-0.1223,+0.9415,0.99
TianKampmann2019_iPSC,-0.0617,-1.0754,+0.4962,0.789
TianKampmann2021_CRISPRa,+0.3113,-0.9141,+5.6598,0.981
TianKampmann2021_CRISPRi,+0.0141,-0.4858,+0.4737,0.885
