space,metric,stat,value,ci_lo,ci_hi,n_datasets
raw,full_cos,mean,0.409,0.347263,0.482946,11
raw,shared_frac,mean,0.436418,0.369535,0.511001,11
raw,diff_shared,mean,0.437782,0.373972,0.508333,11
raw,diff_pred_cos,mean,0.420845,0.361663,0.488374,11
raw,paircos_true,mean,0.447473,0.387017,0.513947,11
raw,paircos_pred,mean,0.930927,0.885609,0.970137,11
raw,rsa,mean,-0.0267636,-0.106084,0.0407093,11
raw,rsa_vs_0,wilcoxon_p,0.320312,nan,nan,11
raw,pcpred_vs_pctrue,wilcoxon_p,0.000976562,nan,nan,11
pearson,full_cos,mean,0.0570444,0.0364,0.0792006,9
pearson,shared_frac,mean,0.0961889,0.0637092,0.130044,9
pearson,diff_shared,mean,0.0739,0.0462444,0.103645,9
pearson,diff_pred_cos,mean,0.0567111,0.0372328,0.080235,9
pearson,paircos_true,mean,0.3144,0.273232,0.360522,9
pearson,paircos_pred,mean,0.258189,0.190266,0.333246,9
pearson,rsa,mean,-0.0093,-0.0467575,0.0249222,9
pearson,rsa_vs_0,wilcoxon_p,0.820312,nan,nan,9
pearson,pcpred_vs_pctrue,wilcoxon_p,0.300781,nan,nan,9
cpm,full_cos,mean,0.157155,0.0997545,0.21772,11
cpm,shared_frac,mean,0.268773,0.180382,0.356759,11
cpm,diff_shared,mean,0.245918,0.16227,0.329596,11
cpm,diff_pred_cos,mean,0.163036,0.103009,0.227619,11
cpm,paircos_true,mean,0.348773,0.269362,0.431937,11
cpm,paircos_pred,mean,0.379973,0.281618,0.467802,11
cpm,rsa,mean,0.0325818,0.000318182,0.0666545,11
cpm,rsa_vs_0,wilcoxon_p,0.123047,nan,nan,11
cpm,pcpred_vs_pctrue,wilcoxon_p,0.464844,nan,nan,11
