pair,subset,estimate,n_targets,cos_specific,cos_null
ReplogleWeissman2022_K562_essential->ReplogleWeissman2022_rpe1,all,guide1,1627,0.3774430371358091,0.024495302758653876
ReplogleWeissman2022_K562_essential->ReplogleWeissman2022_rpe1,all,guide2,1627,0.3854812882333352,0.02372910262647561
ReplogleWeissman2022_K562_essential->ReplogleWeissman2022_rpe1,all,guideAll,1627,0.3855534091007177,0.023715095314878067
ReplogleWeissman2022_K562_essential->ReplogleWeissman2022_rpe1,multiguide,guide1,85,0.20616757319839688,0.049544520212463
ReplogleWeissman2022_K562_essential->ReplogleWeissman2022_rpe1,multiguide,guide2,85,0.3537196166539952,0.013603398514314049
ReplogleWeissman2022_K562_essential->ReplogleWeissman2022_rpe1,multiguide,guideAll,85,0.3537196166539952,0.015260469875889438
NadigOConner2024_jurkat->ReplogleWeissman2022_K562_essential,all,guide1,1706,0.4332560762632236,0.01974832044016419
NadigOConner2024_jurkat->ReplogleWeissman2022_K562_essential,all,guide2,1706,0.44164841944364336,0.018502332832378166
NadigOConner2024_jurkat->ReplogleWeissman2022_K562_essential,all,guideAll,1706,0.4413429069876934,0.020652992364348522
NadigOConner2024_jurkat->ReplogleWeissman2022_K562_essential,multiguide,guide1,85,0.1392355789834647,0.033770702161452594
NadigOConner2024_jurkat->ReplogleWeissman2022_K562_essential,multiguide,guide2,85,0.38073447667708493,0.007383520049260996
NadigOConner2024_jurkat->ReplogleWeissman2022_K562_essential,multiguide,guideAll,85,0.38073447667708493,0.005392613538129297
