dataset,space,n,global_frac,mean_auc,mean_pct,top1,top10,corr_absu_invnorm,mean_auc_selfremoved,mean_pct_selfremoved,mean_auc_magnitude
DatlingerBock2017,raw,0,0.6198,nan,nan,nan,nan,nan,nan,nan,nan
DatlingerBock2017,pearson,0,0.0588,nan,nan,nan,nan,nan,nan,nan,nan
DatlingerBock2021,raw,0,0.4993,nan,nan,nan,nan,nan,nan,nan,nan
DatlingerBock2021,pearson,0,0.0037,nan,nan,nan,nan,nan,nan,nan,nan
DixitRegev2016_K562_TFs_7_days,raw,0,0.5990,nan,nan,nan,nan,nan,nan,nan,nan
DixitRegev2016_K562_TFs_7_days,pearson,0,0.0980,nan,nan,nan,nan,nan,nan,nan,nan
FrangiehIzar2021_RNA,raw,114,0.5784,0.7059,0.7061,0.0175,0.0877,-0.0026,0.7060,0.7061,0.5911
FrangiehIzar2021_RNA,pearson,114,0.3053,0.5008,0.5010,0.0088,0.0088,-0.0424,0.4941,0.4944,0.7591
GasperiniShendure2019_lowMOI,raw,11,0.5034,0.3049,0.3052,0.0000,0.0000,0.8339,0.3057,0.3060,0.9543
GasperiniShendure2019_lowMOI,pearson,11,0.1530,0.4127,0.4130,0.0000,0.0000,0.4934,0.3962,0.3965,0.9940
NadigOConner2024_hepg2,raw,112,0.7813,0.7834,0.7835,0.0089,0.0893,0.8658,0.7834,0.7835,0.6857
NadigOConner2024_hepg2,pearson,112,0.0810,0.6753,0.6755,0.0000,0.0268,0.4046,0.6742,0.6744,0.8809
NadigOConner2024_jurkat,raw,109,0.7234,0.7566,0.7567,0.0092,0.0917,0.8696,0.7566,0.7568,0.7544
NadigOConner2024_jurkat,pearson,109,0.0468,0.5511,0.5513,0.0183,0.0275,0.2707,0.5368,0.5370,0.9215
NormanWeissman2019_filtered,raw,102,0.6322,0.8790,0.8790,0.0196,0.0980,-0.0033,0.8794,0.8795,0.6874
NormanWeissman2019_filtered,pearson,102,0.0587,0.7292,0.7294,0.1863,0.2941,-0.0570,0.5774,0.5776,0.9132
PapalexiSatija2021_eccite_RNA,raw,0,0.7713,nan,nan,nan,nan,nan,nan,nan,nan
PapalexiSatija2021_eccite_RNA,pearson,0,0.1053,nan,nan,nan,nan,nan,nan,nan,nan
ReplogleWeissman2022_K562_essential,raw,112,0.6312,0.7165,0.7166,0.0089,0.0893,0.7021,0.7166,0.7167,0.8493
ReplogleWeissman2022_K562_essential,pearson,112,0.0328,0.5816,0.5818,0.0000,0.0268,0.2020,0.5146,0.5148,0.9618
ReplogleWeissman2022_rpe1,raw,97,0.6840,0.7775,0.7776,0.0206,0.1237,0.8607,0.7775,0.7776,0.6994
ReplogleWeissman2022_rpe1,pearson,97,0.0756,0.6783,0.6784,0.0000,0.0619,0.3330,0.6795,0.6796,0.8714
TianKampmann2019_day7neuron,raw,26,0.8116,0.7098,0.7100,0.0000,0.0000,0.7958,0.7098,0.7100,0.3073
TianKampmann2019_day7neuron,pearson,26,nan,nan,0.5764,0.0000,0.0000,nan,nan,0.5764,nan
TianKampmann2019_iPSC,raw,26,0.4926,0.7228,0.7229,0.0000,0.1538,-0.0199,0.7227,0.7228,0.2910
TianKampmann2019_iPSC,pearson,26,nan,nan,0.5791,0.0000,0.0000,nan,nan,0.5791,nan
TianKampmann2021_CRISPRa,raw,98,0.7450,0.7491,0.7492,0.0000,0.0816,-0.0083,0.7488,0.7489,0.5953
TianKampmann2021_CRISPRa,pearson,98,0.1127,0.5346,0.5348,0.0918,0.1531,-0.1118,0.4396,0.4398,0.7692
TianKampmann2021_CRISPRi,raw,117,0.6966,0.7720,0.7721,0.0000,0.0940,-0.0057,0.7721,0.7722,0.6056
TianKampmann2021_CRISPRi,pearson,117,0.0871,0.5541,0.5543,0.0000,0.0085,-0.0339,0.5470,0.5473,0.7980
