dataset,space,n_valid,mean_per_pert_auc,median_per_pert_auc,median_rank,top1,top5,top10,pooled_auc,pooled_average_precision
DatlingerBock2017,raw,1,0.7009,0.7009,470.0000,0.0000,0.0000,0.0000,0.7324,0.0072
DatlingerBock2021,raw,40,0.8603,0.8812,10.5000,0.0750,0.2500,0.5000,0.8580,0.0561
FrangiehIzar2021_RNA,raw,222,0.9567,0.9935,15.0000,0.1802,0.3063,0.4144,0.9585,0.2225
NadigOConner2024_hepg2,raw,230,0.9779,0.9994,3.0000,0.3652,0.5739,0.6652,0.9716,0.1831
NadigOConner2024_jurkat,raw,797,0.9854,1.0000,1.0000,0.6537,0.8507,0.8846,0.9848,0.6669
NormanWeissman2019_filtered,raw,103,0.9829,1.0000,1.0000,0.6019,0.7476,0.8155,0.9833,0.6094
PapalexiSatija2021_eccite_arrayed_RNA,raw,8,0.8168,0.8667,125.5000,0.2500,0.2500,0.2500,0.8101,0.0691
ReplogleWeissman2022_K562_essential,raw,1164,0.9924,1.0000,1.0000,0.5971,0.7732,0.8376,0.9913,0.5443
ReplogleWeissman2022_rpe1,raw,659,0.9891,0.9996,2.0000,0.4886,0.7299,0.7951,0.9872,0.2554
TianKampmann2019_day7neuron,raw,89,0.8474,0.8553,12.0000,0.0562,0.2697,0.4494,0.7859,0.0495
TianKampmann2019_iPSC,raw,143,0.6197,0.5882,15.0000,0.0350,0.1888,0.3706,0.6077,0.0365
TianKampmann2021_CRISPRa,raw,92,0.8026,0.8524,315.0000,0.0652,0.0652,0.0761,0.7881,0.0315
TianKampmann2021_CRISPRi,raw,174,0.7591,0.8541,438.0000,0.0057,0.0172,0.0230,0.7577,0.0060
