dataset,n,full_mean,full_lo,full_hi,rand_mean,selfzero_mean,negctl_mean,d_full_rand,p_full_rand,p_full_negctl,p_full_rand_BH,p_full_negctl_BH
FrangiehIzar2021_RNA,114,0.0817,0.0623,0.1025,0.0738,0.0823,0.0424,0.0079,0.5721,0.0191,0.684,0.0255
NadigOConner2024_hepg2,112,0.0690,0.0528,0.0870,0.0529,0.0720,0.0229,0.0161,0.3439,0.0000,0.684,6.57e-05
NadigOConner2024_jurkat,109,0.0304,0.0226,0.0391,0.0321,0.0356,0.0124,-0.0017,0.4274,0.0006,0.684,0.000914
NormanWeissman2019_filtered,102,0.1086,0.0797,0.1433,0.0368,0.0565,0.0115,0.0717,0.0001,0.0000,0.000796,2.15e-13
ReplogleWeissman2022_K562_essential,112,0.0268,0.0201,0.0344,0.0264,0.0297,0.0113,0.0004,0.4130,0.0003,0.684,0.000538
ReplogleWeissman2022_rpe1,97,0.0998,0.0744,0.1284,0.0972,0.1140,0.0270,0.0026,0.9871,0.0000,0.987,1.12e-06
TianKampmann2019_day7neuron,26,nan,nan,nan,nan,nan,nan,nan,nan,nan,nan,nan
TianKampmann2019_iPSC,26,nan,nan,nan,nan,nan,nan,nan,nan,nan,nan,nan
TianKampmann2021_CRISPRa,98,0.0162,0.0104,0.0230,0.0052,0.0063,0.0132,0.0110,0.0125,0.0340,0.0501,0.0388
TianKampmann2021_CRISPRi,117,0.0281,0.0199,0.0374,0.0278,0.0287,0.0189,0.0003,0.5988,0.7326,0.684,0.733
