dataset,n_pert,full_median,full_iqr,global_median,global_iqr,random_median,random_iqr,dFG_median,dFG_iqr,dFR_median,dFR_iqr
FrangiehIzar2021_RNA,141,0.4335,0.5467,0.4912,0.6208,0.4276,0.6046,-0.0092,0.0737,+0.0021,0.0900
NadigOConner2024_hepg2,143,0.4035,0.5562,0.4089,0.5507,0.3973,0.5185,-0.0009,0.0178,-0.0004,0.0208
NadigOConner2024_jurkat,134,0.4636,0.5651,0.4660,0.5640,0.4618,0.5374,+0.0009,0.0214,+0.0011,0.0204
NormanWeissman2019_filtered,99,0.3948,0.5014,0.4956,0.5089,0.4047,0.4548,-0.0149,0.1030,+0.0077,0.1602
ReplogleWeissman2022_K562_essential,131,0.3320,0.5395,0.3577,0.5161,0.3401,0.5249,-0.0229,0.0658,+0.0003,0.0432
ReplogleWeissman2022_rpe1,133,0.2462,0.5191,0.2469,0.6206,0.2349,0.5527,-0.0132,0.0532,-0.0011,0.0611
TianKampmann2019_day7neuron,26,0.8953,0.3389,0.8987,0.3315,0.8844,0.3216,-0.0095,0.0246,+0.0044,0.0434
TianKampmann2019_iPSC,25,0.3293,0.4978,0.3765,0.3924,0.3876,0.3860,-0.0418,0.1541,-0.0278,0.1321
TianKampmann2021_CRISPRa,87,0.4903,0.7267,0.6441,0.6288,0.6008,0.6423,-0.0117,0.1190,-0.0080,0.1057
TianKampmann2021_CRISPRi,146,0.3911,0.4622,0.4060,0.4883,0.3864,0.4491,-0.0018,0.0774,+0.0005,0.0843
