dataset,k,frac_var_explained,dir_reliab,dir_reliab_null,rsa_reliab_leftover
ReplogleWeissman2022_K562_essential,0,0.0000,0.7381,0.0182,0.7153
ReplogleWeissman2022_K562_essential,1,0.4053,0.6997,0.0558,0.7499
ReplogleWeissman2022_K562_essential,5,0.8167,0.5549,0.0125,0.6087
ReplogleWeissman2022_K562_essential,20,0.9456,0.2471,0.0112,0.2989
ReplogleWeissman2022_K562_essential,50,0.9750,-0.2175,0.0015,0.2837
ReplogleWeissman2022_rpe1,0,0.0000,0.8170,0.0004,0.8432
ReplogleWeissman2022_rpe1,1,0.3553,0.7693,-0.0323,0.8082
ReplogleWeissman2022_rpe1,5,0.7842,0.6215,0.0369,0.5457
ReplogleWeissman2022_rpe1,20,0.9435,0.3412,0.0133,0.3762
ReplogleWeissman2022_rpe1,50,0.9793,-0.2505,0.0061,0.3558
NormanWeissman2019_filtered,0,0.0000,0.8742,0.0264,0.8102
NormanWeissman2019_filtered,1,0.6178,0.8566,0.0503,0.8586
NormanWeissman2019_filtered,5,0.8864,0.7637,0.0095,0.8060
NormanWeissman2019_filtered,20,0.9732,0.5145,-0.0001,0.5554
NormanWeissman2019_filtered,50,0.9916,-0.0856,-0.0011,0.3683
NadigOConner2024_hepg2,0,0.0000,0.6462,0.0135,0.6090
NadigOConner2024_hepg2,1,0.3951,0.5904,0.0027,0.5497
NadigOConner2024_hepg2,5,0.7926,0.4464,-0.0173,0.3667
NadigOConner2024_hepg2,20,0.9311,0.1981,0.0177,0.1969
NadigOConner2024_hepg2,50,0.9701,-0.2464,0.0012,0.3212
NadigOConner2024_jurkat,0,0.0000,0.6471,-0.0027,0.6186
NadigOConner2024_jurkat,1,0.2968,0.5908,-0.0428,0.5812
NadigOConner2024_jurkat,5,0.7656,0.3976,-0.0055,0.3879
NadigOConner2024_jurkat,20,0.8851,0.1563,-0.0029,0.1874
NadigOConner2024_jurkat,50,0.9409,-0.2588,0.0063,0.3407
TianKampmann2021_CRISPRi,0,0.0000,0.0606,0.0006,-0.0035
TianKampmann2021_CRISPRi,1,0.5009,0.0990,-0.0472,0.0232
TianKampmann2021_CRISPRi,5,0.7937,0.0013,-0.0039,0.0102
TianKampmann2021_CRISPRi,20,0.8823,-0.1516,0.0010,0.1867
TianKampmann2021_CRISPRi,50,0.9158,-0.4186,0.0015,0.5414
