dataset,space,n_perts,n_genes,rel_full,rel_shared,rel_resid,rel_resid_null,rel_resid_spec,rel_selfrem,rsa_full,rsa_resid,rsa_resid_null,rsa_selfrem,rsa_selfrem_null,rsa_resid_spec,rsa_selfrem_spec,mean_gene_corr_resid,median_gene_corr_resid,frac_gene_corr_pos,frac_gene_corr_pos_null
NormanWeissman2019_filtered,raw,102,2089,0.9597,0.9656,0.9548,0.3046,0.9310,0.9527,0.8967,0.8378,-0.0577,0.8297,-0.0529,0.8087,0.8102,0.7340,0.7630,1.0000,0.6501
NormanWeissman2019_filtered,cpm,102,2089,0.9706,0.9740,0.9588,0.1582,0.9519,0.9554,0.8618,0.8735,0.0536,0.8680,0.0553,0.9013,0.8992,0.6907,0.7083,0.9995,0.4634
NormanWeissman2019_filtered,pearson,102,2089,0.9833,0.9874,0.9832,0.0204,0.9827,0.9569,0.8459,0.8151,-0.0272,0.8210,0.0041,0.8992,0.9039,0.8438,0.8576,1.0000,0.2437
ReplogleWeissman2022_K562_essential,raw,112,2056,0.8724,0.8480,0.8958,0.0197,0.8903,0.8956,0.3813,0.6247,0.0003,0.6242,0.0000,0.7150,0.7153,0.5914,0.6005,0.9995,0.1688
ReplogleWeissman2022_K562_essential,cpm,112,2056,0.9213,0.9508,0.8992,0.1343,0.8897,0.8988,0.6542,0.6584,0.0405,0.6584,0.0404,0.7951,0.7955,0.4837,0.4779,0.9981,0.5720
ReplogleWeissman2022_K562_essential,pearson,112,2056,0.7287,0.8469,0.7203,0.1020,0.7047,0.7189,0.4566,0.4557,0.0223,0.4541,0.0221,0.5554,0.5552,0.5490,0.5532,1.0000,0.6250
FrangiehIzar2021_RNA,raw,114,2065,0.5970,0.5966,0.5977,0.1555,0.5388,0.5869,0.3975,0.4433,-0.0709,0.4406,-0.0657,0.1737,0.1752,0.2616,0.2564,0.9428,0.4981
FrangiehIzar2021_RNA,cpm,114,2065,0.6383,0.7197,0.6085,0.1266,0.5556,0.5957,0.6228,0.4833,0.0018,0.4814,-0.0004,0.1492,0.1496,0.2017,0.1877,0.8527,0.4748
FrangiehIzar2021_RNA,pearson,114,2065,0.5495,0.5363,0.5525,0.0887,0.5241,0.5486,0.4925,0.4839,0.0157,0.4847,0.0162,0.4510,0.4524,0.4101,0.4203,0.9908,0.6231
NadigOConner2024_hepg2,raw,112,2077,0.6434,0.5081,0.7965,0.0389,0.7788,0.7957,0.1887,0.5115,0.0196,0.5118,0.0200,0.6095,0.6090,0.5309,0.5323,0.9995,0.4189
NadigOConner2024_hepg2,cpm,112,2077,0.8302,0.7919,0.8377,0.0761,0.8273,0.8369,0.5090,0.5344,-0.0044,0.5348,-0.0045,0.6095,0.6095,0.4665,0.4567,0.9947,0.4651
NadigOConner2024_hepg2,pearson,112,2077,0.6017,0.8260,0.5744,0.0904,0.5397,0.5732,0.1212,0.1073,-0.0151,0.1080,-0.0147,0.1431,0.1433,0.4168,0.4200,0.9971,0.5060
NadigOConner2024_jurkat,raw,109,2065,0.6692,0.5913,0.7701,0.1407,0.7333,0.7694,0.2193,0.5569,0.0013,0.5559,-0.0001,0.6183,0.6186,0.3873,0.3775,0.9923,0.3879
NadigOConner2024_jurkat,cpm,109,2065,0.8433,0.9090,0.8085,-0.0504,0.8049,0.8076,0.6097,0.6448,0.0037,0.6419,0.0040,0.6783,0.6771,0.3613,0.3456,0.9768,0.4223
NadigOConner2024_jurkat,pearson,109,2065,0.5614,0.7979,0.5407,0.1204,0.5106,0.5392,0.2302,0.2167,0.0669,0.2163,0.0666,0.2034,0.2039,0.4253,0.4317,0.9990,0.7801
ReplogleWeissman2022_rpe1,raw,97,2061,0.8168,0.6914,0.9060,0.1324,0.8888,0.9059,0.2943,0.7252,0.0304,0.7257,0.0306,0.8426,0.8432,0.5947,0.6037,0.9995,0.4100
ReplogleWeissman2022_rpe1,cpm,97,2061,0.9192,0.9641,0.9023,0.0853,0.8891,0.9019,0.7374,0.6850,0.0291,0.6851,0.0285,0.8568,0.8573,0.5045,0.4980,0.9971,0.3988
ReplogleWeissman2022_rpe1,pearson,97,2061,0.8012,0.9403,0.7542,0.0617,0.7402,0.7534,0.4335,0.3891,-0.0128,0.3883,-0.0128,0.4288,0.4297,0.5907,0.5935,1.0000,0.5502
TianKampmann2021_CRISPRa,raw,98,2084,0.5220,0.4190,0.7101,0.2635,0.6832,0.7050,0.1694,0.1233,-0.0305,0.1177,-0.0289,0.1370,0.1307,0.3428,0.3179,0.9630,0.7266
TianKampmann2021_CRISPRa,cpm,98,2084,0.5597,0.3194,0.6771,0.2226,0.5556,0.6717,0.1450,0.2307,-0.0086,0.2222,-0.0151,0.1029,0.1017,0.2343,0.1921,0.8736,0.4546
TianKampmann2021_CRISPRa,pearson,98,2084,0.9581,0.3700,0.9582,0.0087,0.9578,0.3982,0.2385,0.2356,0.0552,0.2152,0.0036,0.3086,0.1638,0.3206,0.3020,0.9827,0.6069
TianKampmann2021_CRISPRi,raw,117,2080,0.2632,0.1331,0.4209,0.3578,0.1865,0.4206,0.0125,0.0530,0.0426,0.0530,0.0426,-0.0036,-0.0035,0.0921,0.0730,0.7462,0.6029
TianKampmann2021_CRISPRi,cpm,117,2080,0.2746,0.2553,0.3117,0.1114,0.2074,0.3112,-0.0062,0.0154,-0.0243,0.0152,-0.0243,-0.0076,-0.0077,0.0785,0.0573,0.6889,0.4947
TianKampmann2021_CRISPRi,pearson,117,2080,0.1530,0.4257,0.1370,0.0831,0.0529,0.1358,-0.0040,-0.0037,-0.0001,-0.0037,-0.0003,-0.0089,-0.0089,0.0481,0.0410,0.6659,0.5303
ReplogleWeissman2022_K562_gwps_filtered,raw,87,2066,0.3114,0.1550,0.5707,0.0040,0.5631,0.5695,-0.0101,0.0982,0.0062,0.0989,0.0062,0.0970,0.0976,0.2079,0.1833,0.9080,0.4666
ReplogleWeissman2022_K562_gwps_filtered,cpm,87,2066,0.5936,0.5998,0.5915,0.0272,0.5838,0.5902,0.1108,0.1567,-0.0021,0.1560,-0.0019,0.1677,0.1670,0.1782,0.1540,0.8606,0.5261
ReplogleWeissman2022_K562_gwps_filtered,pearson,87,2066,0.3694,0.6785,0.3535,0.0204,0.3373,0.3446,0.0849,0.0819,-0.0059,0.0812,-0.0060,0.0844,0.0836,0.1991,0.1897,0.9187,0.5165
akana_etal_2026_crispra_perturbseq,raw,60,2055,0.8083,0.6128,0.9230,-0.0041,0.9229,0.7845,0.1776,0.3526,-0.0158,0.3219,-0.0030,0.3307,0.3282,0.1797,0.1148,0.6788,0.4342
akana_etal_2026_crispra_perturbseq,cpm,60,2055,0.9061,0.9490,0.8857,-0.0260,0.8854,0.7515,0.4494,0.5271,0.0109,0.4827,0.0126,0.5660,0.5195,0.1558,0.0786,0.6519,0.4258
akana_etal_2026_crispra_perturbseq,pearson,60,2055,0.9786,0.6978,0.9786,-0.0000,0.9786,0.8337,0.0651,0.0588,-0.0060,0.0255,-0.0180,0.9754,0.5503,0.1573,0.0979,0.6604,0.4941
schemidt_etal_2022_crispra_perturbseq,raw,69,2059,0.9677,0.9279,0.9765,0.1618,0.9753,0.9711,0.7458,0.7837,0.1061,0.7386,0.1053,0.7918,0.7362,0.3450,0.2866,0.7608,0.5015
schemidt_etal_2022_crispra_perturbseq,cpm,69,2059,0.9628,0.9441,0.9655,-0.0091,0.9644,0.9394,0.7967,0.7674,-0.0271,0.7476,0.0006,0.7650,0.7194,0.2323,0.1468,0.7154,0.3727
schemidt_etal_2022_crispra_perturbseq,pearson,69,2059,0.9655,0.9029,0.9655,0.0049,0.9653,0.5412,0.4476,0.4208,0.0775,0.3477,0.0553,0.8968,0.4351,0.3581,0.3064,0.7548,0.5475
proper_filtered,raw,82,2076,0.8717,0.8901,0.8496,0.0681,0.8351,0.7844,0.7404,0.8532,-0.0186,0.8420,-0.0021,0.8481,0.8452,0.3812,0.3649,0.8484,0.4020
proper_filtered,cpm,82,2076,0.8916,0.9467,0.8826,0.0981,0.8683,0.8429,0.8462,0.8487,0.0160,0.8482,-0.0062,0.8555,0.8574,0.3908,0.3690,0.8425,0.3588
proper_filtered,pearson,82,2076,0.7938,0.8216,0.7938,0.0084,0.7932,0.7924,0.3677,0.3630,0.0328,0.3961,0.0436,0.6201,0.5972,0.4809,0.5566,0.8530,0.4547
