dataset,space,n,top1_frac,top2_frac,top5_frac,top10_frac,full_cos,rank1_cos,rank2_cos,rank5_cos
FrangiehIzar2021_RNA,raw,114,0.5784,0.6721,0.8190,0.8932,0.4696,0.5043,0.6358,0.7895
FrangiehIzar2021_RNA,pearson,114,0.3053,0.3604,0.4466,0.5171,0.0855,0.1170,0.2365,0.2935
GasperiniShendure2019_lowMOI,raw,11,0.5034,0.6777,0.8407,0.9110,0.2471,0.2450,0.5051,0.7372
GasperiniShendure2019_lowMOI,pearson,11,0.1530,0.2302,0.3409,0.4134,0.0476,0.0911,0.1739,0.2242
NadigOConner2024_hepg2,raw,112,0.7813,0.8328,0.8990,0.9287,0.4344,0.4377,0.5432,0.7574
NadigOConner2024_hepg2,pearson,112,0.0810,0.1209,0.2013,0.2760,0.0690,0.1011,0.1635,0.2309
NadigOConner2024_jurkat,raw,109,0.7234,0.7681,0.8427,0.8709,0.4025,0.4040,0.5277,0.7956
NadigOConner2024_jurkat,pearson,109,0.0468,0.0766,0.1455,0.1830,0.0304,0.0700,0.0895,0.2359
NormanWeissman2019_filtered,raw,102,0.6322,0.7775,0.8468,0.8808,0.4041,0.4696,0.7510,0.8410
NormanWeissman2019_filtered,pearson,102,0.0587,0.1026,0.1641,0.2101,0.1094,0.1432,0.1804,0.2451
ReplogleWeissman2022_K562_essential,raw,112,0.6312,0.7244,0.8001,0.8367,0.3369,0.3504,0.5378,0.7196
ReplogleWeissman2022_K562_essential,pearson,112,0.0328,0.0632,0.1216,0.1644,0.0274,0.0523,0.1280,0.2415
ReplogleWeissman2022_rpe1,raw,97,0.6840,0.7365,0.8099,0.8508,0.3081,0.3480,0.4744,0.6759
ReplogleWeissman2022_rpe1,pearson,97,0.0756,0.1127,0.1720,0.2174,0.0998,0.1986,0.2214,0.2528
TianKampmann2019_day7neuron,raw,26,0.8116,0.8761,0.9409,0.9621,0.7060,0.7151,0.7970,0.8814
TianKampmann2019_iPSC,raw,26,0.4926,0.7371,0.7545,0.7717,0.3255,0.3534,0.5678,0.5786
TianKampmann2021_CRISPRa,raw,98,0.7450,0.8661,0.9386,0.9528,0.4755,0.5695,0.7416,0.8658
TianKampmann2021_CRISPRa,pearson,98,0.1127,0.1592,0.2139,0.2625,0.0162,0.0094,0.0216,0.0429
TianKampmann2021_CRISPRi,raw,117,0.6966,0.8536,0.9311,0.9464,0.3893,0.4036,0.6609,0.8397
TianKampmann2021_CRISPRi,pearson,117,0.0871,0.1368,0.2225,0.2678,0.0281,0.0830,0.1080,0.1739
