pair,type,n_targets,loo_svd_cos2_k1,loo_svd_cos2_k3,loo_svd_cos2_k5,loo_svd_cos2_k10,loo_svd_cos2_k20,n_common_genes,cos2_identity,cos2_procrustes,cos2_procrustes_shuffled,cos2_random
ReplogleWeissman2022_K562_essential,within,1789,0.2865,0.5659,0.6555,0.7639,0.8331,,,,,
ReplogleWeissman2022_rpe1,within,1755,0.3271,0.5576,0.6750,0.7905,0.8675,,,,,
NadigOConner2024_hepg2,within,1651,0.2910,0.5570,0.6764,0.7832,0.8617,,,,,
NadigOConner2024_jurkat,within,1916,0.2084,0.6062,0.6928,0.7720,0.8334,,,,,
ReplogleWeissman2022_K562_essential->ReplogleWeissman2022_rpe1,cross,1447,,,,,,2330,0.2290,0.3248,0.0572,0.1074
NadigOConner2024_hepg2->NadigOConner2024_jurkat,cross,1473,,,,,,2362,0.1967,0.3047,0.0611,0.0993
NadigOConner2024_jurkat->ReplogleWeissman2022_K562_essential,cross,1559,,,,,,2516,0.2896,0.3744,0.0518,0.1225
NadigOConner2024_jurkat->ReplogleWeissman2022_rpe1,cross,1590,,,,,,2459,0.2241,0.3674,0.0626,0.0963
NadigOConner2024_hepg2->ReplogleWeissman2022_K562_essential,cross,1349,,,,,,2289,0.2493,0.3541,0.0664,0.1081
NadigOConner2024_hepg2->ReplogleWeissman2022_rpe1,cross,1383,,,,,,2388,0.2396,0.3463,0.0592,0.1013
