dataset,rsa_selfrem_spec,n_cells,n_targets_annot,n_ctrl,n_perts,median_cells_per_pert,mean_dx_norm,mean_offaxis_frac,mean_self_z,cell_line,modality
NormanWeissman2019_filtered,0.8102,111445,102,3000,102,496.5,145.22293368007288,0.5355470358579654,6644952.4189102,K562,CRISPR
ReplogleWeissman2022_K562_essential,0.7153,310385,1789,3000,120,129.0,94.17204694539835,0.5913136544417755,9.345395679874663,K562,CRISPR
FrangiehIzar2021_RNA,0.1752,218331,236,3000,120,651.5,47.212378638900084,0.49280768285502996,16671.40810557749,cell_line_co-culture,CRISPR
NadigOConner2024_hepg2,0.609,145473,1651,3000,120,60.0,185.60906809756128,0.5471446168215738,5.712393034339791,Hep-G2,CRISPR
NadigOConner2024_jurkat,0.6186,262956,1916,3000,120,89.0,90.8890741955501,0.5567509414288103,6.94598519162504,Jurkat,CRISPR
ReplogleWeissman2022_rpe1,0.8432,247914,1755,3000,120,82.5,156.53005789191155,0.6598274827663696,7.341027922380541,RPE1,CRISPR
TianKampmann2021_CRISPRa,0.1307,21193,98,434,98,195.5,65.20529547922412,0.43046466101093805,20519892.82002882,primary,CRISPR
TianKampmann2021_CRISPRi,-0.0035,32300,181,437,120,167.0,46.47480520159824,0.5651518655605365,3.0580861025064237,primary,CRISPR
ReplogleWeissman2022_K562_gwps_filtered,0.0976,385848,773,3000,120,341.5,26.05490314702113,0.5088480172380568,8.354236875332033,K562,CRISPR
akana_etal_2026_crispra_perturbseq,0.3282,20207,60,2660,60,252.0,24.573355829436597,0.5347574042011227,180344147.71363768,,
schemidt_etal_2022_crispra_perturbseq,0.7362,57835,69,3000,69,802.0,15.155155767320096,0.7937265819483574,11809287.959659854,,
proper_filtered,0.8452,52030,82,2280,82,224.5,21.666838015369315,0.5511389204782682,168.5234365299393,,
