section,x,y,shared_frac,operator_off_cos2
forward_vs_mu,0.0,0.12169334063916383,0.12169334063916383,0.0002758458156572196
forward_vs_mu,1e-05,0.12512625969638416,0.12507271356795033,0.002681757296475448
forward_vs_mu,0.0001,0.13038903988063166,0.1312698008212235,0.002309809846884184
forward_vs_mu,0.001,0.10640227497304118,0.10991224513856877,0.002664512159187395
forward_vs_mu,0.01,0.09392057222926989,0.1227212738155341,0.002912405029232671
forward_vs_mu,0.1,0.01120702339690608,0.10849034020182612,0.002358487295970078
forward_vs_mu,1.0,0.003273311302539611,0.14000965384465597,0.0031122037131602405
procrustes_eps,0.0,0.0024741318287726227,,
procrustes_eps,0.3,0.01888870152714493,,
procrustes_eps,0.6,0.065750824493575,,
procrustes_eps,0.9,0.14271852103189903,,
