dataset,global_frac,full_R2,full_rob,pc1_rob,counts_rob,spec_raw,spec_cpm,spec_deconf,ci_raw_lo,ci_raw_hi,ci_deconf_lo,ci_deconf_hi
DatlingerBock2017,0.6194,0.4946,nan,nan,nan,nan,nan,nan,nan,nan,nan,nan
DatlingerBock2021,0.5003,0.1796,nan,nan,nan,nan,nan,nan,nan,nan,nan,nan
FrangiehIzar2021_RNA,0.6015,0.4706,0.4613,0.5043,0.5017,0.0847,0.2995,0.3141,0.0654,0.1061,0.2678,0.3576
NadigOConner2024_hepg2,0.7779,0.4389,0.4344,0.4377,0.4356,0.0027,0.1992,0.1653,-0.0046,0.0099,0.141,0.1911
NadigOConner2024_jurkat,0.7061,0.4784,0.4025,0.404,0.4039,-0.0028,0.2121,0.0831,-0.0133,0.0081,0.0638,0.1033
NormanWeissman2019_filtered,0.6398,0.4061,0.3923,0.4696,0.4794,0.1282,0.2063,0.2197,0.1002,0.1604,0.1781,0.2467
PapalexiSatija2021_eccite_RNA,0.7713,0.3815,nan,nan,nan,nan,nan,nan,nan,nan,nan,nan
ReplogleWeissman2022_K562_essential,0.6211,0.3667,0.3369,0.3504,0.3488,0.0203,0.2409,0.2078,0.0112,0.0295,0.1791,0.2386
ReplogleWeissman2022_rpe1,0.6925,0.2967,0.3081,0.348,0.3399,0.0375,0.1311,0.1876,0.0253,0.0505,0.1536,0.2225
TianKampmann2019_day7neuron,0.8329,0.9134,0.706,0.7151,0.7095,-0.0058,0.0767,0.1214,-0.0278,0.0167,0.0976,0.1635
TianKampmann2019_iPSC,0.4676,0.6892,0.313,0.3534,0.3496,0.1337,0.0645,0.1502,0.0893,0.181,0.1124,0.2546
TianKampmann2021_CRISPRa,0.745,0.4754,0.4221,0.5695,0.5773,0.0958,0.3791,0.1716,0.066,0.1284,0.1448,0.1998
TianKampmann2021_CRISPRi,0.6966,0.4129,0.386,0.4036,0.4003,0.056,0.1842,0.2453,0.0413,0.0712,0.2128,0.2789
